y_measured,v_filtered,x1m,x2m,error,u,theta1,theta2,uc
1.795142889022827148e+00,0.000000000000000000e+00,1.535673856735229492e+00,7.314682006835937500e-04,-4.872566406250000000e+04,2.292103898096103283e-41,-9.702989134218445207e-29,-2.003891944885253906e+00,2.339589272371200000e+13
1.795142889022827148e+00,0.000000000000000000e+00,1.535673856735229492e+00,7.314682006835937500e-04,-4.872566406250000000e+04,2.292103898096103283e-41,-9.702989134218445207e-29,-2.003891944885253906e+00,2.339589272371200000e+13
1.795142889022827148e+00,0.000000000000000000e+00,1.535673856735229492e+00,7.314682006835937500e-04,-4.872566406250000000e+04,2.292103898096103283e-41,-9.702989134218445207e-29,-2.003891944885253906e+00,2.339589272371200000e+13
1.795142889022827148e+00,0.000000000000000000e+00,1.535673856735229492e+00,7.314682006835937500e-04,-4.872566406250000000e+04,2.292103898096103283e-41,-9.702989134218445207e-29,-2.003891944885253906e+00,2.339589272371200000e+13
1.795142889022827148e+00,0.000000000000000000e+00,1.535673856735229492e+00,7.314682006835937500e-04,-4.872566406250000000e+04,2.292103898096103283e-41,-9.702989134218445207e-29,-2.003891944885253906e+00,2.339589272371200000e+13
1.795142889022827148e+00,0.000000000000000000e+00,1.535673856735229492e+00,7.314682006835937500e-04,-4.872566406250000000e+04,2.292103898096103283e-41,-9.702989134218445207e-29,-2.003891944885253906e+00,2.339589272371200000e+13
1.612636685371398926e+00,-1.356970191001892090e+00,1.468449950218200684e+00,-2.026583194732666016e+00,-1.441867351531982422e-01,2.822956323623657227e+00,-1.794546127319335938e+00,-5.000599473714828491e-02,0.000000000000000000e+00
1.163850903511047363e+00,-4.063198566436767578e+00,1.297108054161071777e+00,-3.341155052185058594e+00,1.332571506500244141e-01,-1.434500455856323242e+00,-1.792540192604064941e+00,-5.110280960798263550e-02,1.849994421005249023e+00
8.287576436996459961e-01,-4.666515827178955078e+00,1.144822478294372559e+00,-1.582937240600585938e+00,3.160648345947265625e-01,-2.100364923477172852e+00,-1.788102030754089355e+00,-5.792700499296188354e-02,1.867447257041931152e+00
7.868709564208984375e-01,-2.809422016143798828e+00,1.092822432518005371e+00,-1.418445110321044922e-01,3.059514760971069336e-01,-2.094922065734863281e+00,-1.785064458847045898e+00,-6.932103633880615234e-02,1.867447257041931152e+00
9.663852453231811523e-01,-1.691589355468750000e-01,1.119204163551330566e+00,9.243199825286865234e-01,1.528189182281494141e-01,-1.589025616645812988e+00,-1.784443855285644531e+00,-7.673976570367813110e-02,1.849994421005249023e+00
1.271559476852416992e+00,2.178480625152587891e+00,1.199970602989196777e+00,1.604457616806030273e+00,-7.158887386322021484e-02,-8.650085926055908203e-01,-1.784295439720153809e+00,-7.312019169330596924e-02,1.849994421005249023e+00
1.609644770622253418e+00,3.679872512817382812e+00,1.313117623329162598e+00,1.968637108802795410e+00,-2.965271472930908203e-01,-1.597818136215209961e-01,-1.782154321670532227e+00,-6.076832115650177002e-02,1.849994421005249023e+00
1.920802831649780273e+00,4.283358573913574219e+00,1.440541028976440430e+00,2.071367979049682617e+00,-4.802618026733398438e-01,4.175874590873718262e-01,-1.777098894119262695e+00,-4.954852163791656494e-02,1.832541704177856445e+00
2.160155296325683594e+00,4.072515487670898438e+00,1.567044615745544434e+00,1.951241731643676758e+00,-5.931106805801391602e-01,7.529736757278442383e-01,-1.770193457603454590e+00,-4.992901906371116638e-02,1.849994421005249023e+00
2.294790983200073242e+00,3.181061029434204102e+00,1.682427406311035156e+00,1.724143266677856445e+00,-6.123635768890380859e-01,9.462032318115234375e-01,-1.763642072677612305e+00,-6.563141942024230957e-02,1.849994421005249023e+00
2.309750556945800781e+00,1.814049363136291504e+00,1.780763387680053711e+00,1.414640545845031738e+00,-5.289871692657470703e-01,9.299038648605346680e-01,-1.759316802024841309e+00,-9.045080840587615967e-02,1.849994421005249023e+00
2.243928670883178711e+00,4.816617369651794434e-01,1.858447313308715820e+00,1.070599079132080078e+00,-3.854813575744628906e-01,7.366218566894531250e-01,-1.757479190826416016e+00,-1.139249131083488464e-01,1.849994421005249023e+00
2.154171466827392578e+00,-4.095292687416076660e-01,1.914559841156005859e+00,7.299108505249023438e-01,-2.396116256713867188e-01,4.879292249679565430e-01,-1.757202386856079102e+00,-1.297587901353836060e-01,1.849994421005249023e+00
2.067406177520751953e+00,-8.643382787704467773e-01,1.950222969055175781e+00,4.200179576873779297e-01,-1.171832084655761719e-01,2.698809504508972168e-01,-1.757450938224792480e+00,-1.371446847915649414e-01,1.849994421005249023e+00
2.001584291458129883e+00,-9.520791769027709961e-01,1.967958569526672363e+00,1.584348678588867188e-01,1.950377497023479808e+19,1.659249949551315594e+26,1.643611360000000000e+08,-3.315183221025870786e-24,5.662009752289280000e+14
1.968673348426818848e+00,-4.141396880149841309e-01,1.963311433792114258e+00,-1.917350292205810547e-01,-5.361914634704589844e-03,1.510379314422607422e-01,-1.757653832435607910e+00,-1.391138732433319092e-01,1.849994421005249023e+00
1.968673348426818848e+00,-2.216889858245849609e-01,1.948167085647583008e+00,-2.822973728179931641e-01,-2.050626277923583984e-02,1.777564585208892822e-01,-1.757815837860107422e+00,-1.393870264291763306e-01,1.849994421005249023e+00
1.971665263175964355e+00,-9.642463922500610352e-02,1.928903460502624512e+00,-3.249940872192382812e-01,-4.276180267333984375e-02,2.004345953464508057e-01,-1.758147597312927246e+00,-1.394832581281661987e-01,1.849994421005249023e+00
1.971665263175964355e+00,-5.161610990762710571e-02,1.908228754997253418e+00,-3.291206359863281250e-01,-6.343650817871093750e-02,2.067157179117202759e-01,-1.758608460426330566e+00,-1.390907764434814453e-01,1.849994421005249023e+00
1.971665263175964355e+00,-2.763010375201702118e-02,1.888241767883300781e+00,-3.046865463256835938e-01,-8.342349529266357422e-02,2.101282775402069092e-01,-1.759155035018920898e+00,-1.380958557128906250e-01,1.849994421005249023e+00
1.971665263175964355e+00,-1.479039527475833893e-02,1.870420455932617188e+00,-2.613906860351562500e-01,-1.012448072433471680e-01,2.119953930377960205e-01,-1.759735941886901855e+00,-1.365593373775482178e-01,1.849994421005249023e+00
1.971665263175964355e+00,-7.917298935353755951e-03,1.855666160583496094e+00,-2.078969478607177734e-01,-1.159991025924682617e-01,2.130273729562759399e-01,-1.760306477546691895e+00,-1.346668601036071777e-01,1.849994421005249023e+00
1.971665263175964355e+00,-4.238130059093236923e-03,1.844383120536804199e+00,-1.513929367065429688e-01,-1.272821426391601562e-01,2.136072218418121338e-01,-1.760836243629455566e+00,-1.326554715633392334e-01,1.849994421005249023e+00
1.971665263175964355e+00,-2.268671058118343353e-03,1.836578249931335449e+00,-9.738731384277343750e-02,-1.350870132446289062e-01,2.139414697885513306e-01,-1.761311292648315430e+00,-1.307480186223983765e-01,1.849994421005249023e+00
1.971665263175964355e+00,-1.214419608004391193e-03,1.831967353820800781e+00,-4.970216751098632812e-02,-1.396979093551635742e-01,2.141414433717727661e-01,-1.761730909347534180e+00,-1.291110217571258545e-01,1.849994421005249023e+00
1.971665263175964355e+00,-6.500788149423897266e-04,1.830076694488525391e+00,-1.060795783996582031e-02,-1.415885686874389648e-01,2.142673432826995850e-01,-1.762103676795959473e+00,-1.278384327888488770e-01,1.849994421005249023e+00
1.971665263175964355e+00,-3.479871957097202539e-04,1.830333352088928223e+00,1.894855499267578125e-02,-1.413319110870361328e-01,2.143521606922149658e-01,-1.762442111968994141e+00,-1.269559860229492188e-01,1.849994421005249023e+00
1.971665263175964355e+00,-1.862775534391403198e-04,1.832139611244201660e+00,2.336811175116800000e+13,1.971665263175964355e+00,-9.971437975764274597e-05,1.834929347038269043e+00,5.061173439025878906e-02,-1.367359161376953125e-01
1.971665263175964355e+00,-5.337710899766534567e-05,1.838206410408020020e+00,5.491948127746582031e-02,-1.334588527679443359e-01,2.145071327686309814e-01,-1.763373851776123047e+00,-1.262437105178833008e-01,1.849994421005249023e+00
1.971665263175964355e+00,-2.857276740542147309e-05,1.841567397117614746e+00,5.357551574707031250e-02,-1.300978660583496094e-01,2.145475745201110840e-01,-1.763685464859008789e+00,-1.264238804578781128e-01,1.849994421005249023e+00
1.971665263175964355e+00,-1.529500332253519446e-05,1.844710230827331543e+00,4.820871353149414062e-02,-1.269550323486328125e-01,2.145871520042419434e-01,-1.764005422592163086e+00,-1.266999691724777222e-01,1.849994421005249023e+00
1.971665263175964355e+00,-8.187415915017481893e-06,1.847432136535644531e+00,4.034519195556640625e-02,-1.242331266403198242e-01,2.146269828081130981e-01,-1.764335274696350098e+00,-1.270194351673126221e-01,1.849994421005249023e+00
1.971665263175964355e+00,-4.382724000606685877e-06,1.849619507789611816e+00,3.130912780761718750e-02,1.950377497023479808e+19,9.074097465647288378e+29,-2.379524435328589561e+32,-1.657588455069314509e-24,-8.336956855808423336e-17
1.971665263175964355e+00,-1.255852566828252748e-06,1.852294683456420898e+00,1.370811462402343750e-02,-1.193705797195434570e-01,2.147518843412399292e-01,-1.765382766723632812e+00,-1.278991401195526123e-01,1.849994421005249023e+00
1.971665263175964355e+00,-6.722578973494819365e-07,1.852862358093261719e+00,6.452560424804687500e-03,-1.188029050827026367e-01,2.147955149412155151e-01,-1.765747904777526855e+00,-1.281056255102157593e-01,1.849994421005249023e+00
1.971665263175964355e+00,-3.598596549636567943e-07,1.853021860122680664e+00,6.809234619140625000e-04,-1.186434030532836914e-01,1.840226799249649048e-01,-1.766116499900817871e+00,-1.282583475112915039e-01,1.867447257041931152e+00
1.971665263175964355e+00,-1.926328820900380379e-07,1.853633642196655273e+00,1.951289176940917969e-02,-1.180316209793090820e-01,1.840611100196838379e-01,-1.766481041908264160e+00,-1.283587217330932617e-01,1.867447257041931152e+00
1.971665263175964355e+00,-1.031163847642346809e-07,1.855213046073913574e+00,3.174090385437011719e-02,-1.164522171020507812e-01,2.149292230606079102e-01,-1.766836762428283691e+00,-1.284122914075851440e-01,1.849994421005249023e+00
1.971665263175964355e+00,-5.519820334143332730e-08,1.856605172157287598e+00,1.508235931396484375e-02,-1.150600910186767578e-01,2.149725109338760376e-01,1.950377497023479808e+19,-7.390361600000000000e+09,-1.273110257216103491e-07
1.971665263175964355e+00,-1.581683051199433976e-08,1.856782197952270508e+00,-8.135795593261718750e-03,-1.148830652236938477e-01,2.150568813085556030e-01,-1.767874836921691895e+00,-1.283824294805526733e-01,1.849994421005249023e+00
1.971665263175964355e+00,-8.466749967794839904e-09,1.855999708175659180e+00,-1.459145545959472656e-02,-1.156655550003051758e-01,2.150988131761550903e-01,-1.768221378326416016e+00,-1.283376812934875488e-01,1.849994421005249023e+00
1.971665263175964355e+00,-4.532251463018610593e-09,1.854910612106323242e+00,-1.802706718444824219e-02,-1.167546510696411133e-01,2.151409834623336792e-01,-1.768571257591247559e+00,-1.282875239849090576e-01,1.849994421005249023e+00
1.971665263175964355e+00,-2.426114198428308555e-09,1.853687763214111328e+00,-1.896762847900390625e-02,-1.179774999618530273e-01,2.151835560798645020e-01,-1.768925309181213379e+00,-1.282373666763305664e-01,1.849994421005249023e+00
1.971665263175964355e+00,-1.298698926177621615e-09,1.852468729019165039e+00,-1.800465583801269531e-02,-1.191965341567993164e-01,1.843538731336593628e-01,-1.769281506538391113e+00,-1.281913071870803833e-01,1.867447257041931152e+00
1.971665263175964355e+00,-6.951935693777500092e-10,1.852117896080017090e+00,7.308721542358398438e-03,-1.195473670959472656e-01,1.843909919261932373e-01,-1.769633769989013672e+00,-1.281523257493972778e-01,1.867447257041931152e+00
1.971665263175964355e+00,-3.721371266696138491e-10,1.853119254112243652e+00,2.529406547546386719e-02,-1.185460090637207031e-01,-2.170777022838592529e-01,-1.769946694374084473e+00,-1.281221210956573486e-01,2.094333410263061523e+00
1.971665263175964355e+00,-1.992050135957157408e-10,1.864957332611083984e+00,3.359112739562988281e-01,-1.067079305648803711e-01,-1.082049608230590820e+00,-1.770096778869628906e+00,-1.281027644872665405e-01,2.583011150360107422e+00
2.010560035705566406e+00,2.891904115676879883e-01,1.914070129394531250e+00,1.180348634719848633e+00,-9.648990631103515625e-02,-9.762477874755859375e-01,-1.770015478134155273e+00,-1.281224340200424194e-01,2.583011150360107422e+00
2.097325325012207031e+00,7.999209165573120117e-01,2.005626440048217773e+00,1.700039386749267578e+00,-9.169888496398925781e-02,-8.807503581047058105e-01,-1.769686341285705566e+00,-1.282718032598495483e-01,2.652822256088256836e+00
2.214009523391723633e+00,1.295768022537231445e+00,2.123673200607299805e+00,2.031065464019775391e+00,-9.033632278442382812e-02,-9.192099571228027344e-01,-1.769097447395324707e+00,-1.287001818418502808e-01,2.827350139617919922e+00
2.354629039764404297e+00,1.739158868789672852e+00,2.261669874191284180e+00,2.334757328033447266e+00,-9.295916557312011719e-02,-6.124596595764160156e-01,-1.768238425254821777e+00,-1.296116411685943604e-01,2.827350139617919922e+00
2.337546226892800000e+13,2.635868072509765625e+00,2.082883119583129883e+00,2.560289859771728516e+00,2.417269229888916016e+00,-7.557821273803710938e-02,-5.278836488723754883e-01,-1.766193628311157227e+00,-1.329843699932098389e-01
2.758536100387573242e+00,2.027028560638427734e+00,2.711016893386840820e+00,2.371318340301513672e+00,-4.751920700073242188e-02,-3.143502175807952881e-01,-1.765524268150329590e+00,-1.345279365777969360e-01,3.089141607284545898e+00
2.860260963439941406e+00,1.841413259506225586e+00,2.852715492248535156e+00,2.140551328659057617e+00,-7.545471191406250000e-03,-2.179996073246002197e-01,-1.765416979789733887e+00,-1.348270326852798462e-01,3.124047279357910156e+00
2.926082849502563477e+00,1.475107431411743164e+00,2.977548599243164062e+00,4.851915235347608371e+19,2.925667346069198366e+22,1.238655565824000000e+13,-1.272210749326071476e-21,-8.690496000283180002e-19,-2.674475799674880000e+14
2.961985826492309570e+00,5.759198665618896484e-01,3.168424844741821289e+00,1.186108112335205078e+00,2.064390182495117188e-01,1.186083888304314757e-14,5.810089815222373150e+25,6.039470369815686328e+31,3.632602882976289770e+24
2.961985826492309570e+00,1.753650605678558350e-01,3.286975860595703125e+00,8.013503551483154297e-01,3.249900341033935547e-01,-7.021123170852661133e-01,-1.775788187980651855e+00,-9.209946542978286743e-02,3.368386268615722656e+00
2.964977502822875977e+00,1.161166280508041382e-01,3.332759857177734375e+00,6.621561050415039062e-01,3.677823543548583984e-01,-1.077583432197570801e+00,-1.779062628746032715e+00,-8.049053698778152466e-02,3.577819585800170898e+00
3.012848138809204102e+00,4.180850088596343994e-01,3.378354549407958984e+00,7.818231582641601562e-01,3.655064105987548828e-01,-1.250913858413696289e+00,-1.782467842102050781e+00,-7.157927751541137695e-02,3.734894514083862305e+00
3.123548507690429688e+00,1.046880364418029785e+00,3.435147047042846680e+00,1.011810541152954102e+00,3.115985393524169922e-01,-1.014769673347473145e+00,-1.785653710365295410e+00,-6.576670706272125244e-02,3.734894514083862305e+00
3.276135683059692383e+00,1.694911241531372070e+00,3.501597404479980469e+00,1.096041917800903320e+00,2.254617214202880859e-01,-7.700451016426086426e-01,-1.788174390792846680e+00,-6.220467388629913330e-02,3.769800186157226562e+00
3.446674346923828125e+00,2.175275087356567383e+00,3.571113824844360352e+00,1.112707614898681641e+00,1.187617617448333746e-20,-1.539759276032000000e+12,5.058463820343736539e-15,-6.834620649701376000e+15,1.762632138752000000e+13
3.751848459243774414e+00,2.323788404464721680e+00,3.714895963668823242e+00,1.115901708602905273e+00,-3.695249557495117188e-02,-8.128817379474639893e-02,-1.789609432220458984e+00,-6.048524752259254456e-02,3.874516725540161133e+00
3.856565237045288086e+00,2.022514343261718750e+00,3.780702114105224609e+00,9.831266403198242188e-01,2.704337657401992436e+32,-3.734654946407900411e-11,-2.874431634088336354e-32,-5.568668513326301236e+25,1.313252031250000000e+05
3.928370952606201172e+00,9.170222282409667969e-01,3.880635976791381836e+00,6.068062782287597656e-01,-4.773497581481933594e-02,9.438686817884445190e-02,-1.787808537483215332e+00,-6.800142675638198853e-02,3.909422159194946289e+00
3.928370952606201172e+00,4.908820092678070068e-01,3.913824796676635742e+00,4.580287933349609375e-01,-1.454615592956542969e-02,-2.634928375482559204e-02,-1.787740349769592285e+00,-6.862475723028182983e-02,3.961780548095703125e+00
3.928370952606201172e+00,2.627691328525543213e-01,3.939994812011718750e+00,7.203222054145454851e+25,2.338221914639683394e-33,nan,-1.507001694374515943e-35,1.075792512000000000e+09,-1.215598572018634051e-17
3.931362867355346680e+00,9.754095971584320068e-02,3.988480329513549805e+00,5.718898773193359375e-01,5.711746215820312500e-02,-1.108734488487243652e+00,-1.787921309471130371e+00,-6.531011313199996948e-02,4.555175304412841797e+00
3.961282014846801758e+00,2.746685147285461426e-01,4.043366432189941406e+00,1.143899440765380859e+00,8.208441734313964844e-02,-1.043895840644836426e+00,-1.788146853446960449e+00,-6.343033164739608765e-02,4.555175304412841797e+00
4.048047065734863281e+00,7.921456098556518555e-01,4.126056194305419922e+00,1.467394828796386719e+00,7.800912857055664062e-02,-1.137446641921997070e+00,-1.788509011268615723e+00,-6.207945197820663452e-02,4.712250232696533203e+00
4.182682991027832031e+00,1.425080657005310059e+00,4.229083061218261719e+00,1.789506912231445312e+00,4.640007019042968750e-02,-7.962380647659301758e-01,-1.788826346397399902e+00,-6.142375990748405457e-02,4.677344322204589844e+00
4.350229740142822266e+00,2.008589267730712891e+00,4.343080520629882812e+00,1.830401420593261719e+00,-7.149219512939453125e-03,-4.617760777473449707e-01,-1.788763999938964844e+00,-6.152547150850296021e-02,4.677344322204589844e+00
4.511792182922363281e+00,2.276446819305419922e+00,4.454244136810302734e+00,1.708232402801513672e+00,-5.754804611206054688e-02,-2.185126841068267822e-01,-1.788193345069885254e+00,-6.253737956285476685e-02,4.712250232696533203e+00
4.646428108215332031e+00,2.219627141952514648e+00,4.555615425109863281e+00,1.523006439208984375e+00,-9.081268310546875000e-02,2.110698074102401733e-02,-1.787263989448547363e+00,-6.464862078428268433e-02,4.712250232696533203e+00
4.742168903350830078e+00,1.900018453598022461e+00,4.642765045166015625e+00,1.260982990264892578e+00,-9.940385818481445312e-02,1.763061285018920898e-01,-1.786304950714111328e+00,-6.760335713624954224e-02,4.712250232696533203e+00
4.787047386169433594e+00,1.350760459899902344e+00,4.712260246276855469e+00,9.645729064941406250e-01,-7.478713989257812500e-02,-8.318794804720926234e+37,-8.717317541595548391e-06,1.500559712281660700e+26,-6.588757873103697156e+26
4.778071880340576172e+00,3.409937918186187744e-01,4.795949935913085938e+00,3.950915336608886719e-01,1.787805557250976562e-02,1.417194306850433350e-01,-1.785647034645080566e+00,-7.024762779474258423e-02,4.712250232696533203e+00
4.778071880340576172e+00,1.825339794158935547e-01,4.813007354736328125e+00,-1.460005930382567659e+23,7.750759080010729214e-22,1.910289053745389994e-16,5.009857416152954102e-01,-1.498694679469281255e-08,-5.726585459952006992e-35
4.778071880340576172e+00,5.230440199375152588e-02,4.811263084411621094e+00,-1.523122787475585938e-01,3.319120407104492188e-02,1.210852116346359253e-01,-1.785734057426452637e+00,-6.689031422138214111e-02,4.712250232696533203e+00
4.778071880340576172e+00,2.799854800105094910e-02,4.798741340637207031e+00,-2.361278533935546875e-01,2.066946029663085938e-02,1.194127872586250305e-01,-1.785693049430847168e+00,-6.648761034011840820e-02,4.712250232696533203e+00
4.778071880340576172e+00,1.498762331902980804e-02,4.782341003417968750e+00,-2.776160240173339844e-01,4.269123077392578125e-03,2.743605971336364746e-01,-1.785680651664733887e+00,-6.643095612525939941e-02,4.624986171722412109e+00
4.778071880340576172e+00,8.022874593734741211e-03,4.760649204254150391e+00,-3.998742103576660156e-01,-1.742267608642578125e-02,2.738951444625854492e-01,-1.785744428634643555e+00,-6.656417250633239746e-02,4.624986171722412109e+00
4.778071880340576172e+00,4.294645041227340698e-03,4.733450889587402344e+00,-4.558682441711425781e-01,-4.462099075317382812e-02,6.476526260375976562e-01,-1.785943150520324707e+00,-6.669390946626663208e-02,4.415552616119384766e+00
4.778071880340576172e+00,2.298923674970865250e-03,4.695320129394531250e+00,-7.351775169372558594e-01,-8.275175094604492188e-02,1.208645939826965332e+00,-1.786419987678527832e+00,-6.662816554307937622e-02,4.101402759552001953e+00
4.751144886016845703e+00,-1.989769786596298218e-01,4.630358219146728516e+00,-1.292860984802246094e+00,-1.207866668701171875e-01,1.147454857826232910e+00,-1.787340044975280762e+00,-6.618703901767730713e-02,4.101402759552001953e+00
4.655403614044189453e+00,-8.183678984642028809e-01,4.538790702819824219e+00,-1.593139648437500000e+00,-1.166129112243652344e-01,1.247962832450866699e+00,-1.788480281829833984e+00,-6.542550027370452881e-02,3.926875114440917969e+00
4.505808353424072266e+00,-1.550343036651611328e+00,4.427737236022949219e+00,-1.910499572753906250e+00,-7.807111740112304688e-02,1.058834910392761230e+00,-1.789415001869201660e+00,-6.459826976060867310e-02,3.857063770294189453e+00
4.302359104156494141e+00,-2.342584609985351562e+00,4.301732540130615234e+00,-2.075736999511718750e+00,-6.265640258789062500e-04,6.454912424087524414e-01,-1.789423584938049316e+00,-6.458775699138641357e-02,3.857063770294189453e+00
4.095917701721191406e+00,-2.788918733596801758e+00,4.172520637512207031e+00,-2.023787975311279297e+00,7.660293579101562500e-02,1.848198175430297852e-01,-1.788312673568725586e+00,-6.652330607175827026e-02,3.891969442367553711e+00
3.907427549362182617e+00,-2.894370317459106445e+00,4.053239345550537109e+00,-1.771193981170654297e+00,1.458117961883544922e-01,-1.336882412433624268e-01,-1.786255121231079102e+00,-7.166899740695953369e-02,3.874516725540161133e+00
3.769799947738647461e+00,-2.572645187377929688e+00,3.951758146286010742e+00,-2.463408479051668521e+20,1.354051146586521600e+16,2.702003224864358400e+16,-9.717138556333869351e-27,-7.555589283288829651e-29,-4.535392145044170320e-05
3.680042743682861328e+00,-1.125433206558227539e+00,3.812264204025268555e+00,-7.664775848388671875e-01,1.322214603424072266e-01,-2.294223667200000000e+11,-5.044174800000000000e+07,-9.112474072026088834e-05,5.546808783125295923e+19
3.680042743682861328e+00,-3.224885165691375732e-01,3.754987001419067383e+00,-1.782121658325195312e-01,7.494425773620605469e-02,-3.795309662818908691e-01,-1.780784130096435547e+00,-1.070971190929412842e-01,3.874516725540161133e+00
3.680042743682861328e+00,-1.726281046867370605e-01,3.750694751739501953e+00,3.442096710205078125e-02,7.065200805664062500e-02,1.635494083166122437e-01,-1.780900835990905762e+00,-1.105183735489845276e-01,3.577819585800170898e+00
3.680042743682861328e+00,-9.240783005952835083e-02,3.744833230972290039e+00,-1.977977310054481681e-35,-1.305301810847635578e-21,-2.146557472579620428e-38,4.702898560000000000e+08,-6.167840332031250000e+03,-4.853133794321851919e-19
3.680042743682861328e+00,-2.647910453379154205e-02,3.690949440002441406e+00,-7.464270591735839844e-01,1.090669631958007812e-02,9.873380064964294434e-01,-1.781281232833862305e+00,-1.147257015109062195e-01,3.124047279357910156e+00
3.674059152603149414e+00,-5.866346135735511780e-02,3.626606702804565430e+00,1.187617617448333746e-20,1.231257858276367188e+02,2.414014485877625841e+25,-4.660655352124390226e+37,2.346757547622400000e+13,3.488560914993286133e+00
3.285111427307128906e+00,-2.143774032592773438e+00,3.283664464950561523e+00,2.341973734195200000e+13,3.033791542053222656e+00,-3.016175985336303711e+00,3.119778394699096680e+00,-2.682737588882446289e+00,8.598685264587402344e-02
2.746568679809570312e+00,-3.750118732452392578e+00,2.936181306838989258e+00,-3.118427991867065430e+00,1.896126270294189453e-01,1.198844552040100098e+00,-1.777421593666076660e+00,-1.179458126425743103e-01,1.832541704177856445e+00
2.432418584823608398e+00,-4.343207359313964844e+00,2.723102807998657227e+00,-3.615380048751831055e+00,2.906842231750488281e-01,5.539709925651550293e-01,-1.771672010421752930e+00,-1.277289688587188721e-01,1.832541704177856445e+00
2.115276575088500977e+00,-4.682933330535888672e+00,2.493113040924072266e+00,-3.678107023239135742e+00,3.778364658355712891e-01,1.501321792602539062e-01,-1.763704538345336914e+00,-1.469698995351791382e-01,1.692919373512268066e+00
1.768215656280517578e+00,-5.087241649627685547e+00,2.263772964477539062e+00,-3.602241277694702148e+00,4.955573081970214844e-01,-2.762741148471832275e-01,-1.753298759460449219e+00,-1.814119666814804077e-01,1.500938892364501953e+00
1.483984708786010742e+00,-4.836514472961425781e+00,2.040081262588500977e+00,-3.500412464141845703e+00,5.560965538024902344e-01,-9.071273207664489746e-01,-1.742493391036987305e+00,-2.301348298788070679e-01,1.500938892364501953e+00
1.301478624343872070e+00,-3.945955276489257812e+00,1.831565022468566895e+00,-3.134653568267822266e+00,5.300863981246948242e-01,-9.515464305877685547e-01,-1.733681321144104004e+00,-2.845547497272491455e-01,1.326411128044128418e+00
1.256600022315979004e+00,-2.445951223373413086e+00,1.643858551979064941e+00,-2.836610317230224609e+00,3.872585296630859375e-01,-4.842040538787841797e-01,-1.728532195091247559e+00,-3.278092443943023682e-01,1.134430527687072754e+00
1.364308595657348633e+00,-5.084828734397888184e-01,1.471710205078125000e+00,-2.635946750640869141e+00,1.074016094207763672e-01,2.306662648916244507e-01,-1.727444410324096680e+00,-3.398356437683105469e-01,1.134430527687072754e+00
1.433122396469116211e+00,2.394534647464752197e-01,1.317698955535888672e+00,-2.269811630249023438e+00,3.262300383193004182e-30,-3.680130498470612108e+31,3.575670000000000000e+06,1.522491532240841971e-27,7.072712701864219536e-19
1.406195282936096191e+00,-1.212565302848815918e-01,1.090798616409301758e+00,-1.351096868515014648e+00,-3.153966665267944336e-01,4.630406498908996582e-01,-1.731050372123718262e+00,-2.850513458251953125e-01,1.116977810859680176e+00
1.382259964942932129e+00,-2.428725063800811768e-01,1.020560383796691895e+00,-9.006726741790771484e-01,-3.616995811462402344e-01,3.899856209754943848e-01,-1.732390165328979492e+00,-2.668919861316680908e-01,1.116977810859680176e+00
1.367300510406494141e+00,-2.412361800670623779e-01,9.771854281425476074e-01,-4.961745738983154297e-01,-3.901150822639465332e-01,3.390376567840576172e-01,-1.733719348907470703e+00,-2.541432380676269531e-01,1.134430527687072754e+00
1.364308595657348633e+00,-1.513792127370834351e-01,9.578357338905334473e-01,-1.358884572982788086e-01,-4.064728617668151855e-01,3.600720465183258057e-01,-1.735096335411071777e+00,-2.470128238201141357e-01,1.134430527687072754e+00
1.364308595657348633e+00,-8.103329688310623169e-02,9.583602547645568848e-01,1.390430927276611328e-01,-4.059483408927917480e-01,3.788443505764007568e-01,-1.736545324325561523e+00,-2.448830753564834595e-01,1.134430527687072754e+00
1.364308595657348633e+00,-4.337712377309799194e-02,9.733809828758239746e-01,3.286583423614501953e-01,-3.909276127815246582e-01,3.885713517665863037e-01,-1.738063454627990723e+00,-2.464695721864700317e-01,1.134430527687072754e+00
1.364308595657348633e+00,-2.321977540850639343e-02,9.977573752403259277e-01,4.400826692581176758e-01,-3.665512204170227051e-01,3.938196897506713867e-01,-1.739627957344055176e+00,-2.503035962581634521e-01,1.134430527687072754e+00
1.364308595657348633e+00,-1.242954656481742859e-02,1.026950359344482422e+00,4.850338697433471680e-01,-3.373582363128662109e-01,3.967911601066589355e-01,-1.741204380989074707e+00,-2.551063299179077148e-01,1.134430527687072754e+00
1.364308595657348633e+00,-6.653536576777696609e-03,1.057238578796386719e+00,4.776142835617065430e-01,-3.070700168609619141e-01,3.985673487186431885e-01,-1.742757558822631836e+00,-2.599566280841827393e-01,1.134430527687072754e+00
1.364308595657348633e+00,-3.561638295650482178e-03,1.085808277130126953e+00,4.324978590011596680e-01,-2.785003185272216797e-01,3.996958732604980469e-01,-1.744260668754577637e+00,-2.643044292926788330e-01,1.134430527687072754e+00
1.364308595657348633e+00,-1.906545017845928669e-03,1.110744118690490723e+00,3.635563850402832031e-01,-2.535644769668579102e-01,4.004633426666259766e-01,-1.745699405670166016e+00,-2.678981125354766846e-01,1.134430527687072754e+00
1.364308595657348633e+00,-1.020573545247316360e-03,1.130946874618530273e+00,2.829197645187377930e-01,-2.333617210388183594e-01,4.314917922019958496e-01,-1.747076749801635742e+00,-2.706839740276336670e-01,1.116977810859680176e+00
1.364308595657348633e+00,-5.463130073621869087e-04,1.145242452621459961e+00,1.773978471755981445e-01,-2.190661430358886719e-01,4.319579899311065674e-01,-1.748411297798156738e+00,-2.727231085300445557e-01,1.116977810859680176e+00
1.364308595657348633e+00,-2.924413711298257113e-04,1.153339385986328125e+00,8.548545837402343750e-02,-2.109692096710205078e-01,8.595611453056335449e-01,-1.749783873558044434e+00,-1.354093924460789760e+18,-6.002361079573354906e+19
1.292502880096435547e+00,-5.132986903190612793e-01,1.107944607734680176e+00,-8.521897196769714355e-01,-1.845582723617553711e-01,9.609953761100769043e-01,-1.753043055534362793e+00,-2.751998603343963623e-01,6.632055640220642090e-01
1.166842818260192871e+00,-1.209076523780822754e+00,1.043441057205200195e+00,-1.176941394805908203e+00,-1.234017610549926758e-01,1.162069559097290039e+00,-1.754386782646179199e+00,-2.748562693595886230e-01,3.141500055789947510e-01
1.002288103103637695e+00,-1.870715975761413574e+00,9.493344426155090332e-01,-1.777343034744262695e+00,-5.295366048812866211e-02,1.121747255325317383e+00,-1.755087137222290039e+00,-2.743948101997375488e-01,6.981111317873001099e-02
7.898628711700439453e-01,-2.580818414688110352e+00,8.169477581977844238e-01,-2.391247749328613281e+00,-6.933897940333783517e-35,-3.651941650390625000e+03,2.812460374442542638e+28,7.002579715080078516e-31,1.818364262580871582e+00
3.650123775005340576e-01,-3.133401155471801758e+00,4.896270036697387695e-01,-2.696886062622070312e+00,1.246146261692047119e-01,-2.290293574333190918e-01,-1.750868678092956543e+00,-2.822127640247344971e-01,0.000000000000000000e+00
2.184090465307235718e-01,-2.767334699630737305e+00,3.257588148117065430e-01,2.347978299801600000e+13,1.316438168287277222e-01,-2.126471281051635742e+00,1.787741631269454956e-01,-2.169564247131347656e+00,4.713034629821777344e-02
1.226680949330329895e-01,-1.205036401748657227e+00,5.636917054653167725e-02,-1.737754344940185547e+00,-6.629892438650131226e-02,-1.356072574853897095e-01,-1.749139547348022461e+00,-2.861710786819458008e-01,0.000000000000000000e+00
1.196761876344680786e-01,-6.673014163970947266e-01,-3.787060454487800598e-02,-1.277280926704406738e+00,-1.575467884540557861e-01,1.836799085140228271e-02,-3.500727500000000000e+06,-7.598295898437500000e+02,1.073626632977121280e+17
1.196761876344680786e-01,-1.912126243114471436e-01,-1.431757211685180664e-01,-4.405570030212402344e-01,-2.628518939018249512e-01,1.596710383892059326e-01,-1.754892826080322266e+00,-2.480647265911102295e-01,0.000000000000000000e+00
1.196761876344680786e-01,-1.023561209440231323e-01,-1.601704359054565430e-01,-1.159615814685821533e-01,-2.798466086387634277e-01,1.846279501914978027e-01,-1.756246685981750488e+00,-2.357676625251770020e-01,0.000000000000000000e+00
1.196761876344680786e-01,-5.479123443365097046e-02,-1.592788994312286377e-01,1.311563700437545776e-01,-2.789551019668579102e-01,1.972629129886627197e-01,-1.757131338119506836e+00,-2.264698594808578491e-01,0.000000000000000000e+00
1.196761876344680786e-01,-2.932974882423877716e-02,-1.453761160373687744e-01,3.010345995426177979e-01,-2.650523185729980469e-01,2.036444842815399170e-01,-1.757644653320312500e+00,-2.204052209854125977e-01,0.000000000000000000e+00
1.196761876344680786e-01,-1.570021547377109528e-02,-1.231110021471977234e-01,4.002726376056671143e-01,-2.427871823310852051e-01,2.068878114223480225e-01,-1.757916927337646484e+00,-2.171571105718612671e-01,0.000000000000000000e+00
1.196761876344680786e-01,-8.404325693845748901e-03,-9.658034145832061768e-02,4.395752549171447754e-01,-2.162565290927886963e-01,2.085557281970977783e-01,-1.758064150810241699e+00,-2.160026878118515015e-01,0.000000000000000000e+00
1.196761876344680786e-01,-4.498835653066635132e-03,-6.913615763187408447e-02,4.317600429058074951e-01,-1.888123452663421631e-01,2.094266563653945923e-01,-1.758168101310729980e+00,-2.161867469549179077e-01,0.000000000000000000e+00
1.196761876344680786e-01,-2.408226719126105309e-03,-4.330674931406974792e-02,3.901240229606628418e-01,-1.629829406738281250e-01,2.098902165889739990e-01,-1.758275389671325684e+00,-2.170840054750442505e-01,0.000000000000000000e+00
1.196761876344680786e-01,-1.289123785682022572e-03,-2.080746367573738098e-02,3.272087574005126953e-01,-1.404836475849151611e-01,2.101438343524932861e-01,-1.758406162261962891e+00,-2.182581424713134766e-01,0.000000000000000000e+00
1.196761876344680786e-01,-6.900680018588900566e-04,-2.616204321384429932e-03,2.539597749710083008e-01,-1.222923919558525085e-01,2.102887332439422607e-01,-1.758565425872802734e+00,-2.194501906633377075e-01,0.000000000000000000e+00
1.196761876344680786e-01,-3.693934122566133738e-04,1.091000065207481384e-02,1.792443394660949707e-01,-1.087661832571029663e-01,2.103773504495620728e-01,-1.758751869201660156e+00,-2.205326408147811890e-01,0.000000000000000000e+00
1.196761876344680786e-01,-1.977362990146502852e-04,1.989803649485111237e-02,1.096717268228530884e-01,-9.977815300226211548e-02,-5.262454152107238770e-01,-1.758917808532714844e+00,-2.214579135179519653e-01,4.188666343688964844e-01
1.196761876344680786e-01,-1.058482448570430279e-04,4.315206035971641541e-02,6.025533080101013184e-01,-7.652412354946136475e-02,-9.867449402809143066e-01,-1.758962154388427734e+00,-2.220704853534698486e-01,6.806583404541015625e-01
1.286519020795822144e-01,6.667957454919815063e-02,1.028752475976943970e-01,1.258595705032348633e+00,-2.577665448188781738e-02,-9.561508297920227051e-01,-1.758925557136535645e+00,-2.222376167774200439e-01,6.806583404541015625e-01
1.884900033473968506e-01,4.806018471717834473e-01,1.946281641721725464e-01,1.633873701095581055e+00,6.138160824775695801e-03,-1.004464626312255859e+00,-1.758950114250183105e+00,-2.222043275833129883e-01,8.202805519104003906e-01
2.902147471904754639e-01,1.013610005378723145e+00,3.082920014858245850e-01,1.956828594207763672e+00,1.807725429534912109e-02,-1.290403485298156738e+00,-1.759078741073608398e+00,-2.220998555421829224e-01,1.151883363723754883e+00
4.457938075065612793e-01,1.699346780776977539e+00,4.485468566417694092e-01,2.468057394027709961e+00,2.753049135208129883e-03,-8.646423816680908203e-01,-1.759107470512390137e+00,-2.220766842365264893e-01,1.151883363723754883e+00
6.462514400482177734e-01,2.400103092193603516e+00,6.096565723419189453e-01,2.636793613433837891e+00,-3.659486770629882812e-02,-9.090774059295654297e-01,-1.758610606193542480e+00,-2.225870639085769653e-01,1.466033220291137695e+00
8.556847572326660156e-01,2.841953754425048828e+00,7.863709926605224609e-01,2.955605745315551758e+00,-6.931376457214355469e-02,-1.177406787872314453e+00,-1.757454156875610352e+00,-2.241332381963729858e-01,1.884900093078613281e+00
1.086061477661132812e+00,3.234194993972778320e+00,9.905155897140502930e-01,3.495928764343261719e+00,-9.554588794708251953e-02,-6.790316104888916016e-01,-1.755594968795776367e+00,-2.272773236036300659e-01,1.884900093078613281e+00
1.334389567375183105e+00,3.577633619308471680e+00,1.214253187179565430e+00,3.600469350814819336e+00,-1.201363801956176758e-01,-1.103198409080505371e+00,-1.752969980239868164e+00,-2.326864749193191528e-01,2.425935983657836914e+00
1.588701486587524414e+00,3.805967330932617188e+00,1.457392811775207520e+00,4.091666221618652344e+00,-1.313086748123168945e-01,-1.530470013618469238e+00,-1.749770522117614746e+00,-2.402807027101516724e-01,2.966972112655639648e+00
1.893875718116760254e+00,4.306365966796875000e+00,1.739504218101501465e+00,4.824895858764648438e+00,-1.543715000152587891e-01,-8.429358005523681641e-01,-1.745646953582763672e+00,-2.512190639972686768e-01,2.966972112655639648e+00
2.222985267639160156e+00,4.752193450927734375e+00,2.047981023788452148e+00,4.960050582885742188e+00,-1.750042438507080078e-01,-4.095604419708251953e-01,-1.740699887275695801e+00,-2.659076750278472900e-01,3.141499757766723633e+00
2.534143447875976562e+00,4.857372283935546875e+00,2.357723236083984375e+00,4.876791954040527344e+00,-1.764202117919921875e-01,2.172672748565673828e-02,-1.735626339912414551e+00,-2.829346656799316406e-01,3.263669490814208984e+00
2.797430992126464844e+00,4.557746887207031250e+00,2.654849052429199219e+00,4.571564674377441406e+00,-1.425819396972656250e-01,4.803287386894226074e-01,-1.731640577316284180e+00,-2.982568144798278809e-01,3.263669490814208984e+00
2.982928991317749023e+00,3.818976640701293945e+00,2.922841787338256836e+00,3.968080043792724609e+00,-6.008720397949218750e-02,3.506750464439392090e-01,-1.730078458786010742e+00,-3.051789402961730957e-01,3.438197135925292969e+00
3.093629598617553711e+00,2.867379426956176758e+00,3.154865264892578125e+00,3.426974058151245117e+00,6.123566627502441406e-02,2.185454368591308594e-01,-1.731503248214721680e+00,-2.979421019554138184e-01,3.473102807998657227e+00
3.141499996185302734e+00,1.890834331512451172e+00,3.349678516387939453e+00,2.792224884033203125e+00,2.081785202026367188e-01,-1.081222295761108398e-02,-1.735681414604187012e+00,-2.739136517047882080e-01,3.473102807998657227e+00
3.144491910934448242e+00,1.034409165382385254e+00,3.502437591552734375e+00,2.095698118209838867e+00,3.579456806182861328e-01,-2.870250344276428223e-01,-1.741676449775695801e+00,-2.356859743595123291e-01,3.473102807998657227e+00
3.144491910934448242e+00,5.537192225456237793e-01,3.611722469329833984e+00,1.411920547485351562e+00,4.672305583953857422e-01,-4.418300390243530273e-01,-1.748034596443176270e+00,-1.921269744634628296e-01,3.473102807998657227e+00
3.144491910934448242e+00,2.964059114456176758e-01,3.680110454559326172e+00,7.943537235260009766e-01,5.356185436248779297e-01,-5.174756050109863281e-01,-1.753852605819702148e+00,-1.511976569890975952e-01,3.473102807998657227e+00
3.144491910934448242e+00,1.586660891771316528e-01,3.712889194488525391e+00,2.766013145446777344e-01,5.683972835540771484e-01,-5.523451566696166992e-01,-1.758759617805480957e+00,-1.181036159396171570e-01,3.473102807998657227e+00
3.147483825683593750e+00,1.071794480085372925e-01,3.716889858245849609e+00,-1.250543594360351562e-01,5.694060325622558594e-01,-5.293321013450622559e-01,-1.762714147567749023e+00,-9.513117372989654541e-02,3.455650091171264648e+00
3.147483825683593750e+00,5.737315863370895386e-02,3.698739528656005859e+00,-4.313993453979492188e-01,5.512557029724121094e-01,-5.377510190010070801e-01,-1.765896558761596680e+00,-8.185879141092300415e-02,3.455650091171264648e+00
3.147483825683593750e+00,3.071185201406478882e-02,3.665206432342529297e+00,-6.194925308227539062e-01,5.177226066589355469e-01,-5.724954009056091309e-01,-1.768534541130065918e+00,-7.654573768377304077e-02,3.473102807998657227e+00
3.147483825683593750e+00,1.644005440175533295e-02,3.623972415924072266e+00,-6.823897361755371094e-01,4.764885902404785156e-01,-5.437442660331726074e-01,-1.770837783813476562e+00,-7.685523480176925659e-02,3.455650091171264648e+00
3.147483825683593750e+00,8.800361305475234985e-03,3.580459117889404297e+00,-6.945357322692871094e-01,4.329752922058105469e-01,-5.450360774993896484e-01,-1.772951126098632812e+00,-8.055834472179412842e-02,3.455650091171264648e+00
3.147483825683593750e+00,4.710833542048931122e-03,3.538210391998291016e+00,-6.455059051513671875e-01,3.907265663146972656e-01,-2.674976289272308350e-01,-1.774896383285522461e+00,-8.587584644556045532e-02,3.298574924468994141e+00
3.147483825683593750e+00,2.521709306165575981e-03,3.493526458740234375e+00,-7.631378173828125000e-01,3.460426330566406250e-01,8.781895637512207031e-01,-1.776364803314208984e+00,-9.147102385759353638e-02,2.652822256088256836e+00
3.120556592941284180e+00,-1.988594830036163330e-01,3.416322946548461914e+00,-1.637973546981811523e+00,2.957663536071777344e-01,8.126769065856933594e-01,-1.777060866355895996e+00,-9.647294878959655762e-02,2.652822256088256836e+00
3.057726621627807617e+00,-5.736029148101806641e-01,3.296300888061523438e+00,-2.141626119613647461e+00,2.385742664337158203e-01,1.377539515495300293e+00,-1.776925206184387207e+00,-1.004981249570846558e-01,2.251408338546752930e+00
2.947026252746582031e+00,-1.130129098892211914e+00,3.137367725372314453e+00,-2.861691236495971680e+00,1.903414726257324219e-01,1.618681669235229492e+00,-1.776064872741699219e+00,-1.037797629833221436e-01,1.972163915634155273e+00
2.740584850311279297e+00,-2.139891386032104492e+00,2.935146808624267578e+00,-3.518931627273559570e+00,1.945619583129882812e-01,1.142688035964965820e+00,-1.774345636367797852e+00,-1.075798645615577698e-01,1.972163915634155273e+00
2.471313238143920898e+00,-3.147572040557861328e+00,2.707074165344238281e+00,-3.706942319869995117e+00,2.357609272003173828e-01,9.496225118637084961e-01,-1.771325469017028809e+00,-1.135057806968688965e-01,1.745277762413024902e+00
2.184090375900268555e+00,-3.820455074310302734e+00,2.469131469726562500e+00,-3.835516452789306641e+00,2.850410938262939453e-01,7.146108150482177734e-01,-1.766742944717407227e+00,-1.233185082674026489e-01,1.535844445228576660e+00
1.902851462364196777e+00,-4.136157035827636719e+00,2.225654125213623047e+00,-3.886883258819580078e+00,3.228026628494262695e-01,1.383423209190368652e-01,-1.760877847671508789e+00,-1.383768618106842041e-01,1.535844445228576660e+00
1.648539543151855469e+00,-4.104945182800292969e+00,1.990128159523010254e+00,-3.601049423217773438e+00,3.415886163711547852e-01,9.139609336853027344e-02,-1.754401206970214844e+00,-1.589669734239578247e-01,1.274052739143371582e+00
1.448081851005554199e+00,-3.687820434570312500e+00,1.768554329872131348e+00,-3.437865734100341797e+00,3.204724788665771484e-01,1.477436423301696777e-01,-1.748380184173583984e+00,-1.824619472026824951e-01,1.029713869094848633e+00
1.292502880096435547e+00,-3.130851268768310547e+00,1.554608464241027832e+00,-3.354959964752197266e+00,2.621055841445922852e-01,-1.118061244487762451e-01,-1.743714928627014160e+00,-2.044293135404586792e-01,1.029713869094848633e+00
1.184794306755065918e+00,-2.476779460906982422e+00,1.354411721229553223e+00,-3.015164375305175781e+00,1.696174144744873047e-01,-8.374699950218200684e-02,-1.740980863571166992e+00,-2.197480946779251099e-01,9.424500465393066406e-01
1.124956130981445312e+00,-1.770728945732116699e+00,1.177108764648437500e+00,-2.630886316299438477e+00,5.215263366699218750e-02,5.016517639160156250e-02,-1.740247368812561035e+00,-2.245427817106246948e-01,8.726388812065124512e-01
1.109996676445007324e+00,-1.059097766876220703e+00,1.024809718132019043e+00,-2.222999811172485352e+00,-8.518695831298828125e-02,1.752485334873199463e-01,-1.741261005401611328e+00,-2.170141488313674927e-01,8.726388812065124512e-01
1.112988591194152832e+00,-5.446895360946655273e-01,9.007219076156616211e-01,-1.739625930786132812e+00,-2.122666835784912109e-01,2.699162960052490234e-01,-1.743341684341430664e+00,-2.000196576118469238e-01,8.900917172431945801e-01
1.112988591194152832e+00,-2.915723323822021484e-01,8.083599805831909180e-01,-1.218200802803039551e+00,-3.046286106109619141e-01,3.302652239799499512e-01,-1.745753407478332520e+00,-1.792520135641098022e-01,8.900917172431945801e-01
1.112988591194152832e+00,-1.560786813497543335e-01,7.475799322128295898e-01,-7.353526353836059570e-01,-3.654086589813232422e-01,3.611455559730529785e-01,-1.748070955276489258e+00,-1.594238877296447754e-01,8.900917172431945801e-01
1.112988591194152832e+00,-8.354891836643218994e-02,7.149612903594970703e-01,-3.208955526351928711e-01,-3.980273008346557617e-01,3.763198554515838623e-01,-1.750111341476440430e+00,-1.435756683349609375e-01,8.900917172431945801e-01
1.112988591194152832e+00,-4.472373798489570618e-02,7.056587934494018555e-01,9.048342704772949219e-03,-4.073297977447509766e-01,3.836731016635894775e-01,-1.751852154731750488e+00,-1.329576969146728516e-01,8.900917172431945801e-01
1.112988591194152832e+00,-2.394061721861362457e-02,7.141880989074707031e-01,2.497147917747497559e-01,-3.988004922866821289e-01,3.872992694377899170e-01,-1.753350853919982910e+00,-1.274104565382003784e-01,8.900917172431945801e-01
1.112988591194152832e+00,-1.281541306525468826e-02,7.350534200668334961e-01,4.050453901290893555e-01,-3.779351711273193359e-01,3.891835808753967285e-01,-1.754685640335083008e+00,-1.259380280971527100e-01,8.900917172431945801e-01
1.112988591194152832e+00,-6.860090885311365128e-03,7.632078528404235840e-01,4.850230216979980469e-01,-3.497807383537292480e-01,3.902499973773956299e-01,-1.755922436714172363e+00,-1.272441148757934570e-01,8.900917172431945801e-01
1.112988591194152832e+00,-3.672206774353981018e-03,7.943527698516845703e-01,5.032197237014770508e-01,-3.186358213424682617e-01,3.909223377704620361e-01,-1.757104039192199707e+00,-1.301101297140121460e-01,8.900917172431945801e-01
1.112988591194152832e+00,-1.965732313692569733e-03,8.250944614410400391e-01,4.747041463851928711e-01,-2.878941297531127930e-01,3.913972377777099609e-01,-1.758252501487731934e+00,-1.335905492305755615e-01,8.900917172431945801e-01
1.112988591194152832e+00,-1.052256557159125805e-03,8.529837727546691895e-01,4.143866896629333496e-01,-2.600048184394836426e-01,5.452004671096801758e-01,-1.759402275085449219e+00,-1.370601505041122437e-01,8.028277754783630371e-01
1.112988591194152832e+00,-5.632729735225439072e-04,8.726466894149780273e-01,2.206324934959411621e-01,-2.403419017791748047e-01,5.456204414367675781e-01,-1.760607838630676270e+00,-1.402208507061004639e-01,8.028277754783630371e-01
1.112988591194152832e+00,-3.015200200024992228e-04,8.812161684036254883e-01,6.056076288223266602e-02,-2.317724227905273438e-01,1.805856585502624512e+00,-1.762105345726013184e+00,-1.429822742938995361e-01,8.726388961076736450e-02
1.035199046134948730e+00,-5.785422325134277344e-01,8.496366143226623535e-01,-1.006096839904785156e+00,-1.855624318122863770e-01,1.741408586502075195e+00,-1.763798475265502930e+00,-1.447238177061080933e-01,0.000000000000000000e+00
8.137980699539184570e-01,-1.955854296684265137e+00,7.592905163764953613e-01,-1.817940711975097656e+00,-5.450755357742309570e-02,6.419965075110667385e-07,2.081357233691960573e-04,1.103882500000000000e+06,-5.007827832970157544e-11
2.004576176404953003e-01,-4.066332340240478516e+00,4.830484092235565186e-01,-2.396453619003295898e+00,2.825908064842224121e-01,-2.388935387134552002e-01,-1.758077859878540039e+00,-1.513409167528152466e-01,0.000000000000000000e+00
-5.385428667068481445e-02,-4.067567825317382812e+00,3.353341817855834961e-01,-2.296449184417724609e+00,3.891884684562683105e-01,-7.102694511413574219e-01,-1.751836061477661133e+00,-1.659290194511413574e-01,0.000000000000000000e+00
-2.064414322376251221e-01,-3.311885118484497070e+00,1.993710696697235107e-01,-2.032243251800537109e+00,4.058125019073486328e-01,-9.111893773078918457e-01,-1.746038913726806641e+00,-1.881140917539596558e-01,0.000000000000000000e+00
-2.303766608238220215e-01,-1.950815439224243164e+00,8.331585675477981567e-02,-1.669888496398925781e+00,3.136925101280212402e-01,-7.692224979400634766e-01,-1.742475628852844238e+00,-2.094735801219940186e-01,0.000000000000000000e+00
-1.944738030433654785e-01,-7.773266434669494629e-01,-8.520185947418212891e-03,-1.265873670578002930e+00,1.859536170959472656e-01,-5.016952753067016602e-01,-1.741018891334533691e+00,-2.234235107898712158e-01,0.000000000000000000e+00
-1.525871455669403076e-01,-1.046672761440277100e-01,-7.499779015779495239e-02,-8.649910688400268555e-01,7.758935540914535522e-02,-2.890422344207763672e-01,-1.740689516067504883e+00,-2.292214781045913696e-01,0.000000000000000000e+00
-1.346357166767120361e-01,7.744407653808593750e-02,-1.173930615186691284e-01,-4.997497498989105225e-01,1.724265515804290771e-02,-2.166071385145187378e-01,-1.740672826766967773e+00,-2.303993999958038330e-01,0.000000000000000000e+00
-1.346357166767120361e-01,4.145581647753715515e-02,-1.386430263519287109e-01,-1.909679472446441650e-01,-4.007309675216674805e-03,-2.248053252696990967e-01,-1.740665674209594727e+00,-2.301677018404006958e-01,0.000000000000000000e+00
-1.346357166767120361e-01,2.219129912555217743e-02,-1.426554769277572632e-01,5.082079768180847168e-02,-8.019760251045227051e-03,-2.292480468750000000e-01,-1.740634083747863770e+00,-2.298046797513961792e-01,0.000000000000000000e+00
-1.346357166767120361e-01,1.187900267541408539e-02,-1.337233185768127441e-01,2.234833985567092896e-01,9.123980998992919922e-04,-2.316216677427291870e-01,-1.740639090538024902e+00,-2.298341393470764160e-01,0.000000000000000000e+00
-1.346357166767120361e-01,6.358830258250236511e-03,-1.160640791058540344e-01,3.312100172042846680e-01,1.857163757085800171e-02,-2.328907102346420288e-01,-1.740758061408996582e+00,-2.302069962024688721e-01,0.000000000000000000e+00
-1.346357166767120361e-01,3.403882030397653580e-03,-9.348927438259124756e-02,3.824681639671325684e-01,4.114644229412078857e-02,-2.335846126079559326e-01,-1.741039514541625977e+00,-2.305966019630432129e-01,0.000000000000000000e+00
-1.346357166767120361e-01,1.822098158299922943e-03,-6.919629871845245361e-02,3.881503045558929443e-01,6.543941795825958252e-02,-6.897755861282348633e-01,-1.741507768630981445e+00,-2.306564599275588989e-01,2.617916762828826904e-01
-1.316438168287277222e-01,2.322074212133884430e-02,-3.420866280794143677e-02,7.055817842483520508e-01,9.743515402078628540e-02,-6.798149347305297852e-01,-1.742249488830566406e+00,-2.301257848739624023e-01,2.617916762828826904e-01
-1.077085733413696289e-01,1.903933882713317871e-01,1.601006835699081421e-02,8.791241645812988281e-01,1.237186416983604431e-01,-1.998673439025878906e+00,-1.743360996246337891e+00,-2.289036363363265991e-01,1.064619421958923340e+00
8.975714445114135742e-03,9.694886207580566406e-01,1.083337664604187012e-01,1.992694139480590820e+00,9.935805201530456543e-02,-2.652949333190917969e+00,-1.744573116302490234e+00,-2.275575846433639526e-01,1.658013939857482910e+00
3.111580908298492432e-01,2.765753746032714844e+00,2.813941836357116699e-01,3.424921035766601562e+00,-2.976390719413757324e-02,-1.720320224761962891e+00,-1.744077920913696289e+00,-2.281256765127182007e-01,1.658013939857482910e+00
7.449842691421508789e-01,4.706092357635498047e+00,5.225104689598083496e-01,4.187868595123291016e+00,-2.224738001823425293e-01,-1.462423324584960938e+00,-1.739313602447509766e+00,-2.346720695495605469e-01,2.199049949645996094e+00
1.223689079284667969e+00,6.078437328338623047e+00,8.170382976531982422e-01,5.111874580383300781e+00,-4.066507816314697266e-01,-9.682035446166992188e-01,-1.728712320327758789e+00,-2.533087730407714844e-01,2.600463867187500000e+00
1.708377599716186523e+00,6.857543945312500000e+00,1.165032505989074707e+00,5.892561435699462891e+00,-5.433450937271118164e-01,1.949155330657958984e-01,-1.712608218193054199e+00,-2.899906635284423828e-01,2.600463867187500000e+00
2.136219978332519531e+00,6.851937294006347656e+00,1.539012670516967773e+00,5.973600387573242188e+00,-5.972073078155517578e-01,4.147957563400268555e-01,-1.693696022033691406e+00,-3.449404537677764893e-01,3.054236173629760742e+00
2.480288982391357422e+00,6.226063728332519531e+00,1.920753598213195801e+00,6.135021209716796875e+00,-5.595353841781616211e-01,1.409394741058349609e-01,-1.675388813018798828e+00,-4.097597301006317139e-01,3.665083408355712891e+00
2.749560594558715820e+00,5.334900379180908203e+00,2.321035623550415039e+00,6.549177169799804688e+00,-4.285249710083007812e-01,6.521706581115722656e-01,-1.661275386810302734e+00,-4.678746461868286133e-01,3.665083408355712891e+00
2.941042423248291016e+00,4.279478073120117188e+00,2.725656747817993164e+00,6.307483673095703125e+00,-2.153856754302978516e-01,2.775379419326782227e-01,-1.654298782348632812e+00,-4.999106824398040771e-01,3.979233503341674805e+00
3.051742792129516602e+00,3.113883972167968750e+00,3.113542079925537109e+00,6.020761489868164062e+00,6.179928779602050781e-02,-1.797872781753540039e-01,-1.656243562698364258e+00,-4.904190599918365479e-01,4.101402759552001953e+00
3.108588933944702148e+00,2.089524507522583008e+00,3.474643945693969727e+00,5.471547126770019531e+00,3.660550117492675781e-01,-6.195988655090332031e-01,-1.667334675788879395e+00,-4.356156289577484131e-01,4.101402759552001953e+00
3.147483825683593750e+00,1.407713890075683594e+00,3.790925264358520508e+00,4.614726543426513672e+00,6.434414386749267578e-01,-1.122778415679931641e+00,-1.686019659042358398e+00,-3.468055129051208496e-01,4.188666820526123047e+00
3.210313796997070312e+00,1.220702648162841797e+00,4.051924228668212891e+00,3.719332456588745117e+00,8.416104316711425781e-01,-1.491007447242736816e+00,-1.709559440612792969e+00,-2.452132850885391235e-01,4.345741748809814453e+00
3.350933313369750977e+00,1.698976397514343262e+00,4.261081218719482422e+00,2.962360858917236328e+00,9.101479053497314453e-01,-1.284072637557983398e+00,-1.734195470809936523e+00,-1.532280445098876953e-01,4.345741748809814453e+00
1.401057798891970745e-30,7.419869669376220534e-22,2.526891727545194088e-13,-2.855233754224294460e-32,1.510425740070076437e-21,6.882713794708251953e+00,3.042148098462201255e-35,4.909919425699627027e-06,5.657612063378320954e-21
4.134812355041503906e+00,3.973733663558959961e+00,4.622801303863525391e+00,1.225819110870361328e+00,4.879889488220214844e-01,-7.904146313667297363e-01,-1.785068869590759277e+00,-5.976464599370956421e-03,4.659891605377197266e+00
4.436994552612304688e+00,4.373925209045410156e+00,4.689021110534667969e+00,8.974714279174804688e-01,2.520265579223632812e-01,-4.029002785682678223e-01,-1.790403842926025391e+00,8.642244152724742889e-03,4.677344322204589844e+00
4.718233585357666016e+00,4.432430744171142578e+00,4.735764503479003906e+00,6.058163642883300781e-01,1.753091812133789062e-02,3.654737025499343872e-03,-1.790718436241149902e+00,9.704342111945152283e-03,4.694797039031982422e+00
4.948610305786132812e+00,4.085577011108398438e+00,4.765822410583496094e+00,3.652687072753906250e-01,-1.827878952026367188e-01,4.148602485656738281e-01,-1.788196444511413574e+00,-2.408888190984725952e-03,4.694797039031982422e+00
5.119149208068847656e+00,3.455000162124633789e+00,4.781860351562500000e+00,1.590852737426757812e-01,-2.003931742766695834e-10,4.045342662847502194e-27,3.205977983089525196e-10,2.310388665160826880e+18,-4.990748732055603151e+35
5.178987026214599609e+00,1.124800443649291992e+00,4.783851146697998047e+00,-1.091814041137695312e-01,-3.951358795166015625e-01,9.307213425636291504e-01,-1.784266710281372070e+00,-9.060637652873992920e-02,4.694797039031982422e+00
5.104189395904541016e+00,4.597032070159912109e-02,4.774043560028076172e+00,5.096996609499360176e-12,-6.242715539325448802e-19,1.818892042240000000e+12,8.237729204318442626e-38,4.259780225740273312e-22,2.857785825033868601e+27
4.906723976135253906e+00,-1.113886356353759766e+00,4.745405197143554688e+00,-6.068734098128579911e-35,2.888670019741286400e+16,8.507717687794362156e+25,-4.748727251275864833e-20,9.062750065110675997e-36,-1.427682816000000000e+10
4.790039539337158203e+00,-9.179775714874267578e-01,4.720104217529296875e+00,-1.654195785522460938e-01,-6.993532180786132812e-02,9.724229574203491211e-03,-1.792797207832336426e+00,-1.422250717878341675e-01,4.712250232696533203e+00
4.787047386169433594e+00,-5.136407017707824707e-01,4.710883140563964844e+00,-1.248707771301269531e-01,-7.616424560546875000e-02,6.104354560375213623e-02,-1.793701648712158203e+00,-1.421183943748474121e-01,4.712250232696533203e+00
4.787047386169433594e+00,-2.749518752098083496e-01,4.704207420349121094e+00,-8.463096618652343750e-02,-8.283996582031250000e-02,9.508806467056274414e-02,-1.794554352760314941e+00,-1.410169154405593872e-01,4.712250232696533203e+00
4.787047386169433594e+00,-1.471817493438720703e-01,4.699949264526367188e+00,-4.796504974365234375e-02,-8.709812164306640625e-02,1.134724467992782593e-01,-1.795289158821105957e+00,-1.391595304012298584e-01,4.712250232696533203e+00
4.787047386169433594e+00,-7.878639549016952515e-02,4.697813987731933594e+00,-1.696395874023437500e-02,-8.923339843750000000e-02,1.233186349272727966e-01,-1.795871973037719727e+00,-1.368701457977294922e-01,4.712250232696533203e+00
4.787047386169433594e+00,-4.217435792088508606e-02,4.697408676147460938e+00,7.313251495361328125e-03,-8.963871002197265625e-02,1.285537034273147583e-01,-1.796297669410705566e+00,-1.344665735960006714e-01,4.712250232696533203e+00
4.787047386169433594e+00,-2.257593534886837006e-02,4.698303222656250000e+00,2.465295791625976562e-02,-8.874416351318359375e-02,1.626733690500259399e-01,-1.796583890914916992e+00,-1.322038918733596802e-01,4.694797039031982422e+00
4.787047386169433594e+00,-1.208489853888750076e-02,4.699310302734375000e+00,1.243686676025390625e-02,-8.773708343505859375e-02,1.641378104686737061e-01,-1.796762347221374512e+00,-1.302344352006912231e-01,4.694797039031982422e+00
4.787047386169433594e+00,-6.469046231359243393e-03,4.699628353118896484e+00,2.651214599609375000e-03,-8.741903305053710938e-02,1.335502117872238159e-01,-1.796864271163940430e+00,-1.286287307739257812e-01,4.712250232696533203e+00
4.787047386169433594e+00,-3.462880617007613182e-03,4.700180053710937500e+00,1.849603652954101562e-02,-8.686733245849609375e-02,1.339549124240875244e-01,-1.796915531158447266e+00,-1.274242550134658813e-01,4.712250232696533203e+00
4.787047386169433594e+00,-1.853680005297064781e-03,4.701543807983398438e+00,2.873563766479492188e-02,-8.550357818603515625e-02,1.341679692268371582e-01,-1.796939015388488770e+00,-1.266184896230697632e-01,4.712250232696533203e+00
4.787047386169433594e+00,-9.922749595716595650e-04,4.703389167785644531e+00,3.402328491210937500e-02,-8.365821838378906250e-02,1.326020359992980957e+00,-1.797014474868774414e+00,-1.261673122644424438e-01,4.049044609069824219e+00
4.733193397521972656e+00,-4.009463489055633545e-01,4.676403999328613281e+00,-8.401842117309570312e-01,-5.678939819335937500e-02,1.178838968276977539e+00,-1.797171354293823242e+00,-1.260290145874023438e-01,4.049044609069824219e+00
4.598557472229003906e+00,-1.215671658515930176e+00,4.604434013366699219e+00,-1.409689903259277344e+00,5.876541137695312500e-03,8.343589305877685547e-01,-1.797140955924987793e+00,-1.260395646095275879e-01,4.049044609069824219e+00
4.425027370452880859e+00,-1.940980195999145508e+00,4.505540847778320312e+00,-1.708901405334472656e+00,8.051347732543945312e-02,4.310537576675415039e-01,-1.796540975570678711e+00,-1.264016777276992798e-01,4.049044609069824219e+00
4.251496791839599609e+00,-2.329241275787353516e+00,4.395177364349365234e+00,-1.785476684570312500e+00,1.436805725097656250e-01,6.929364800453186035e-02,-1.795234322547912598e+00,-1.279192864894866943e-01,4.049044609069824219e+00
4.110877037048339844e+00,-2.292378902435302734e+00,4.285604000091552734e+00,-1.692802429199218750e+00,1.747269630432128906e-01,-1.822357773780822754e-01,-1.793520808219909668e+00,-1.312258243560791016e-01,4.049044609069824219e+00
4.021120071411132812e+00,-1.894471526145935059e+00,4.185724258422851562e+00,-1.484016418457031250e+00,1.646041870117187500e-01,-2.986868321895599365e-01,-1.791950106620788574e+00,-1.358016133308410645e-01,4.049044609069824219e+00
3.988209009170532227e+00,-5.873230204108800000e+13,5.923186313913106047e-39,9.114818385569378734e-05,-4.589662057696841657e-05,-1.757775761573332313e-38,2.564161878011798258e-18,7.537716558365652480e+30,7.971020566976012525e+36
3.991200923919677734e+00,-3.487993776798248291e-01,3.987767219543457031e+00,-6.078729629516601562e-01,-3.433704376220703125e-03,-1.529435515403747559e-01,-1.790710568428039551e+00,-1.413836926221847534e-01,4.049044609069824219e+00
3.991200923919677734e+00,-1.867123097181320190e-01,3.958227872848510742e+00,-3.398838043212890625e-01,-3.297305107116699219e-02,-1.299793720245361328e-01,-1.790811657905578613e+00,-1.401128172874450684e-01,4.049044609069824219e+00
3.991200923919677734e+00,-9.994710236787796021e-02,3.944134950637817383e+00,-1.153898239135742188e-01,-4.706597328186035156e-02,-1.175910159945487976e-01,-1.790872693061828613e+00,-1.385087370872497559e-01,4.049044609069824219e+00
3.991200923919677734e+00,-5.350168421864509583e-02,3.942514896392822266e+00,5.860805511474609375e-02,-4.868602752685546875e-02,-1.110011264681816101e-01,-1.790861725807189941e+00,-1.371387392282485962e-01,4.049044609069824219e+00
3.991200923919677734e+00,-2.863945253193378448e-02,3.950154781341552734e+00,1.811876296997070312e-01,-5.873153028915200000e+13,-2.547687004146523435e-21,7.612693240955007301e-26,3.007671594619750977e+00,-5.740811522676624080e-39
3.991200923919677734e+00,-8.206523954868316650e-03,3.981056690216064453e+00,2.895178794860839844e-01,-1.014423370361328125e-02,-1.046977788209915161e-01,-1.790709495544433594e+00,-1.357563883066177368e-01,4.049044609069824219e+00
3.991200923919677734e+00,-4.392952192574739456e-03,3.999202728271484375e+00,2.901482582092285156e-01,8.001804351806640625e-03,-1.041776090860366821e-01,-1.790735125541687012e+00,-1.357866525650024414e-01,4.049044609069824219e+00
3.991200923919677734e+00,-2.351547358557581902e-03,4.016586780548095703e+00,2.666320800781250000e-01,2.538585662841796875e-02,-1.039020270109176636e-01,-1.790818452835083008e+00,-1.357793211936950684e-01,4.049044609069824219e+00
3.991200923919677734e+00,-1.258783391676843166e-03,4.031967639923095703e+00,2.274069786071777344e-01,4.076671600341796875e-02,-1.037584543228149414e-01,-1.790948152542114258e+00,1.326667071974743521e+29,-2.084399686990941121e-17
3.991200923919677734e+00,-3.606994869187474251e-04,4.054179668426513672e+00,1.304254531860351562e-01,6.297874450683593750e-02,-1.036530286073684692e-01,-1.791275262832641602e+00,-1.349907666444778442e-01,4.049044609069824219e+00
3.991200923919677734e+00,-1.930824364535510540e-04,4.060720920562744141e+00,8.350229263305664062e-02,6.951999664306640625e-02,-1.036400273442268372e-01,-1.791440010070800781e+00,-1.345549225807189941e-01,4.049044609069824219e+00
3.991200923919677734e+00,-1.033570297295227647e-04,4.064497947692871094e+00,4.238748550415039062e-02,7.329702377319335938e-02,-1.036374047398567200e-01,-1.791591286659240723e+00,-1.341234147548675537e-01,4.049044609069824219e+00
3.991200923919677734e+00,-5.532701834454201162e-05,4.065937995910644531e+00,8.942127227783203125e-03,7.473707199096679688e-02,-1.036396622657775879e-01,-1.791725039482116699e+00,-1.337409317493438721e-01,4.049044609069824219e+00
3.991200923919677734e+00,-2.961655445687938482e-05,4.065548896789550781e+00,-1.610946655273437500e-02,7.434797286987304688e-02,-1.036439463496208191e-01,-1.791841149330139160e+00,-1.334339529275894165e-01,4.049044609069824219e+00
3.991200923919677734e+00,-1.585374229762237519e-05,4.063853740692138672e+00,-3.293657302856445312e-02,7.265281677246093750e-02,-1.036488115787506104e-01,-1.791941642761230469e+00,-1.332114934921264648e-01,4.049044609069824219e+00
3.991200923919677734e+00,-8.486508704663719982e-06,4.061344146728515625e+00,-4.234695434570312500e-02,7.014322280883789062e-02,-1.036536395549774170e-01,-1.792029976844787598e+00,-1.330693364143371582e-01,4.049044609069824219e+00
3.991200923919677734e+00,-4.542828264675335959e-06,4.058447360992431641e+00,-4.554796218872070312e-02,6.724643707275390625e-02,-1.036582216620445251e-01,-1.792109608650207520e+00,-1.329953223466873169e-01,4.049044609069824219e+00
3.991200923919677734e+00,-2.431776010780595243e-06,4.055508613586425781e+00,-4.394006729125976562e-02,6.430768966674804688e-02,-1.036625429987907410e-01,-1.792183518409729004e+00,-1.329739987850189209e-01,4.049044609069824219e+00
3.991200923919677734e+00,-1.301729753322433680e-06,4.052783489227294922e+00,-3.894805908203125000e-02,6.158256530761718750e-02,-1.036666706204414368e-01,-1.792254328727722168e+00,-1.329899281263351440e-01,4.049044609069824219e+00
3.991200923919677734e+00,-6.968159595999168232e-07,4.050441265106201172e+00,-3.189516067504882812e-02,5.924034118652343750e-02,-1.036706864833831787e-01,-1.792323946952819824e+00,-1.330295503139495850e-01,4.049044609069824219e+00
3.991200923919677734e+00,-3.730056050699204206e-07,4.048573970794677734e+00,-2.392196655273437500e-02,5.737304687500000000e-02,-1.036746725440025330e-01,-1.792393684387207031e+00,-1.330819576978683472e-01,4.049044609069824219e+00
3.991200923919677734e+00,-1.996699126038947725e-07,4.047209739685058594e+00,-1.593732833862304688e-02,5.600881576538085938e-02,-1.036786884069442749e-01,-1.792464494705200195e+00,-1.331388801336288452e-01,4.049044609069824219e+00
3.991200923919677734e+00,-1.068833057615847792e-07,4.046327114105224609e+00,-8.609771728515625000e-03,5.512619018554687500e-02,-1.036827638745307922e-01,-1.792536973953247070e+00,-1.331944018602371216e-01,4.049044609069824219e+00
3.991200923919677734e+00,-5.721463480767852161e-08,4.045869827270507812e+00,-2.372741699218750000e-03,5.466890335083007812e-02,-1.036869511008262634e-01,-1.792611479759216309e+00,-1.332444995641708374e-01,4.049044609069824219e+00
3.991200923919677734e+00,-3.062699605038687878e-08,4.045762062072753906e+00,2.548217773437500000e-03,5.456113815307617188e-02,-1.036912649869918823e-01,-1.792688131332397461e+00,-1.332867294549942017e-01,4.049044609069824219e+00
3.991200923919677734e+00,-1.639463143021657743e-08,4.045918941497802734e+00,6.096839904785156250e-03,-5.873153028915200000e+13,9.760797433441306154e+32,-2.755792921121403470e+28,5.923919193009947926e-39,-5.513263072845702985e-39
3.991200923919677734e+00,-4.697817690413330638e-09,4.046697616577148438e+00,9.457588195800781250e-03,5.549669265747070312e-02,-1.037049144506454468e-01,-1.792929887771606445e+00,-1.333585232496261597e-01,4.049044609069824219e+00
3.991200923919677734e+00,-2.514741970216505251e-09,4.047178268432617188e+00,9.644508361816406250e-03,5.597734451293945312e-02,-1.037096753716468811e-01,-1.793013334274291992e+00,-1.333656311035156250e-01,4.049044609069824219e+00
3.991200923919677734e+00,-1.346141420555113655e-09,4.047647953033447266e+00,9.139060974121093750e-03,5.644702911376953125e-02,-1.037144958972930908e-01,-1.793097734451293945e+00,-1.333663612604141235e-01,4.049044609069824219e+00
3.991200923919677734e+00,-7.205895324879918462e-10,4.048070430755615234e+00,8.169651031494140625e-03,5.686950683593750000e-02,-1.037193834781646729e-01,-1.793182611465454102e+00,-1.333622783422470093e-01,4.049044609069824219e+00
3.991200923919677734e+00,-3.857315855615439659e-10,4.048423290252685547e+00,6.940841674804687500e-03,5.722236633300781250e-02,-1.037242934107780457e-01,-1.793267726898193359e+00,-1.333549767732620239e-01,4.049044609069824219e+00
3.991200923919677734e+00,-2.064821230662872154e-10,4.048695564270019531e+00,5.624771118164062500e-03,5.749464035034179688e-02,-1.037292107939720154e-01,-1.793352842330932617e+00,-1.333459019660949707e-01,4.049044609069824219e+00
3.991200923919677734e+00,-1.105298838566248776e-10,4.048886299133300781e+00,4.354000091552734375e-03,5.768537521362304688e-02,-1.037341356277465820e-01,-1.793437719345092773e+00,-1.333362758159637451e-01,4.049044609069824219e+00
3.991200923919677734e+00,-5.916665074545690572e-11,4.049001693725585938e+00,3.222465515136718750e-03,5.780076980590820312e-02,-1.037390455603599548e-01,-1.793522357940673828e+00,-1.333270370960235596e-01,4.049044609069824219e+00
3.991200923919677734e+00,-3.167190815167586493e-11,4.049052238464355469e+00,2.287387847900390625e-03,5.785131454467773438e-02,-1.037439405918121338e-01,-1.793606638908386230e+00,-1.333188712596893311e-01,4.049044609069824219e+00
3.991200923919677734e+00,-5.873255369932800000e+13,7.519444823265075684e-01,-1.017529405317591547e-36,5.923951422874627397e-39,5.377264254286050838e-39,-7.945059840000000000e+08,2.801396594211406479e+22,-8.521933430195166581e-14
3.991200923919677734e+00,-4.858094829196524245e-12,4.048949718475341797e+00,-5.873153028915200000e+13,2.608831492246039997e-18,9.927508958984850637e+19,5.923950021576163072e-39,1.326667071974743521e+29,-8.417263155891723685e+25
3.991200923919677734e+00,-7.451741589233062957e-13,1.326667071974743521e+29,-2.714814735653456367e-30,-3.763543963762164522e-30,-1.139106306025441939e-13,3.187983665251376571e+38,2.883155097940732972e+29,-5.222378174504843077e-38
3.991200923919677734e+00,-1.143008756220031952e-13,4.048564910888671875e+00,1.407623291015625000e-03,5.736398696899414062e-02,-1.037872508168220520e-01,-1.794353723526000977e+00,-1.333049386739730835e-01,4.049044609069824219e+00
3.991200923919677734e+00,-6.118526231458851217e-14,4.048538684844970703e+00,1.607894897460937500e-03,5.733776092529296875e-02,-1.037920340895652771e-01,-1.794436454772949219e+00,-1.333064883947372437e-01,4.049044609069824219e+00
3.991200923919677734e+00,-3.275247030510262947e-14,4.048524379730224609e+00,1.780509948730468750e-03,5.732345581054687500e-02,-1.037968173623085022e-01,-1.794519186019897461e+00,-1.333079189062118530e-01,4.049044609069824219e+00
3.991200923919677734e+00,-1.753239785610375551e-14,4.048519611358642578e+00,1.919269561767578125e-03,5.731868743896484375e-02,-1.038016006350517273e-01,-1.794602036476135254e+00,-1.333091557025909424e-01,4.049044609069824219e+00
3.991200923919677734e+00,-9.385092868325652093e-15,4.048522472381591797e+00,2.021312713623046875e-03,5.732154846191406250e-02,-1.038063988089561462e-01,-1.794684886932373047e+00,-1.333101391792297363e-01,4.049044609069824219e+00
3.991200923919677734e+00,-5.023840501591769758e-15,4.048530578613281250e+00,2.088069915771484375e-03,5.732965469360351562e-02,-1.038111895322799683e-01,-1.794767856597900391e+00,-1.333108544349670410e-01,4.049044609069824219e+00
3.991200923919677734e+00,1.326667071974743521e+29,1.248645667373867788e+33,-1.199633080296649149e-30,-8.606843904000000000e+09,-3.100426548946933085e+26,-1.076747853449723829e-19,-3.574086189270019531e+00,-3.111380556223376364e-37
3.991200923919677734e+00,-7.705975411270195308e-16,4.048567295074462891e+00,2.123832702636718750e-03,5.736637115478515625e-02,-1.038255840539932251e-01,-1.795016765594482422e+00,-1.333116143941879272e-01,4.049044609069824219e+00
3.991200923919677734e+00,-4.125008630876671970e-16,4.048578739166259766e+00,2.099990844726562500e-03,5.737781524658203125e-02,-1.038303822278976440e-01,-1.795099854469299316e+00,-1.333115249872207642e-01,4.049044609069824219e+00
3.991200923919677734e+00,-2.208117220005230722e-16,4.048588752746582031e+00,2.068519592285156250e-03,5.738782882690429688e-02,-1.038351878523826599e-01,-1.795182943344116211e+00,-1.333113461732864380e-01,4.049044609069824219e+00
3.991200923919677734e+00,-1.182005228786916248e-16,4.048596382141113281e+00,2.033710479736328125e-03,5.739545822143554688e-02,-1.038399934768676758e-01,-1.795266032218933105e+00,-1.333111077547073364e-01,4.049044609069824219e+00
3.991200923919677734e+00,-6.327273912007559545e-17,4.048601627349853516e+00,1.999378204345703125e-03,5.740070343017578125e-02,-1.038448065519332886e-01,-1.795349121093750000e+00,-1.333108544349670410e-01,4.049044609069824219e+00
3.991200923919677734e+00,-3.386989948899633157e-17,4.048604965209960938e+00,1.968383789062500000e-03,-5.873206716006400000e+13,-6.074159155241306864e-28,1.190733844858016255e-09,5.923947218979234423e-39,-5.417801016262039146e-39
3.991200923919677734e+00,-9.705287793208134778e-18,4.048606872558593750e+00,1.922130584716796875e-03,5.740594863891601562e-02,-1.038592159748077393e-01,-1.795598149299621582e+00,-1.333101987838745117e-01,4.049044609069824219e+00
3.991200923919677734e+00,-5.195240599627605073e-18,4.048605918884277344e+00,-5.873153028915200000e+13,-2.116535556505600000e+14,1.153221940684845404e-12,5.923947218979234423e-39,5.415783146473411410e-39,1.326667071974743521e+29
3.991200923919677734e+00,-7.968882762443583947e-19,4.048600673675537109e+00,1.895427703857421875e-03,5.739974975585937500e-02,-1.038784086704254150e-01,-1.795930027961730957e+00,-1.333098560571670532e-01,4.049044609069824219e+00
3.991200923919677734e+00,-4.265743018578172900e-19,4.048598766326904297e+00,1.897811889648437500e-03,5.739784240722656250e-02,-1.038832142949104309e-01,-1.796012997627258301e+00,-1.333098560571670532e-01,4.049044609069824219e+00
3.991200923919677734e+00,-2.283452243480063877e-19,4.048596858978271484e+00,1.902103424072265625e-03,5.739593505859375000e-02,-1.038880124688148499e-01,-1.796095967292785645e+00,-1.333098709583282471e-01,4.049044609069824219e+00
3.991200923919677734e+00,-1.222332028999968834e-19,4.048595428466796875e+00,1.907348632812500000e-03,5.739450454711914062e-02,-1.038928106427192688e-01,-1.796178936958312988e+00,-1.333099007606506348e-01,4.049044609069824219e+00
3.991200923919677734e+00,-6.543143401901645688e-20,4.048594474792480469e+00,1.913070678710937500e-03,5.739355087280273438e-02,-1.038976088166236877e-01,-1.796261906623840332e+00,-1.333099454641342163e-01,4.049044609069824219e+00
3.991200923919677734e+00,-3.502544761782636560e-20,4.048593997955322266e+00,1.918315887451171875e-03,5.739307403564453125e-02,-1.039024069905281067e-01,-1.796344876289367676e+00,-1.333099901676177979e-01,4.049044609069824219e+00
3.991200923919677734e+00,-1.874912294895841085e-20,4.048593521118164062e+00,1.922607421875000000e-03,5.739259719848632812e-02,-1.039072051644325256e-01,-1.796427845954895020e+00,-1.333100348711013794e-01,4.049044609069824219e+00
3.991200923919677734e+00,-1.003640613092392891e-20,4.048593521118164062e+00,1.925945281982421875e-03,5.739259719848632812e-02,-1.039120033383369446e-01,-1.796510815620422363e+00,-1.333100646734237671e-01,4.049044609069824219e+00
3.991200923919677734e+00,-5.372488399227547550e-21,4.048593521118164062e+00,1.928329467773437500e-03,5.739259719848632812e-02,-1.039168089628219604e-01,-1.796593785285949707e+00,-1.333100944757461548e-01,4.049044609069824219e+00
3.991200923919677734e+00,-2.875893126500028188e-21,4.048593521118164062e+00,1.930236816406250000e-03,5.739259719848632812e-02,-1.039216071367263794e-01,-1.796676754951477051e+00,-1.333101093769073486e-01,4.049044609069824219e+00
3.991200923919677734e+00,-1.539465615879208895e-21,4.048593997955322266e+00,1.853240325956628798e-16,4.272001182708054512e-14,3.194683604321774837e+37,1.970870625000000000e+05,-6.020870208740234375e+00,2.644996326589587124e-15
2.997888565063476562e+00,-5.948572158813476562e+00,3.419648170471191406e+00,-8.808497428894042969e+00,4.217596054077148438e-01,4.574491977691650391e+00,-1.780855059623718262e+00,-1.406944543123245239e-01,0.000000000000000000e+00
2.340177942937600000e+13,1.932770490646362305e+00,-7.918228626251220703e+00,2.121469020843505859e+00,-1.104724884033203125e+01,1.886985301971435547e-01,2.219014406204223633e+00,-1.758850812911987305e+00,-1.634267419576644897e-01
1.439106225967407227e+00,-7.909120559692382812e+00,1.445143461227416992e+00,-1.044724464416503906e+01,6.037235260009765625e-03,1.238611459732055664e+00,-1.758495092391967773e+00,-1.639989018440246582e-01,0.000000000000000000e+00
8.975714445114135742e-01,-8.260171890258789062e+00,8.301272392272949219e-01,-9.139171600341796875e+00,9.176833064960000000e+11,1.860494166612625122e-01,2.194995921134257344e-11,7.271661888808012009e-04,-2.589432217600000000e+10
-3.291095197200775146e-01,-9.275325775146484375e+00,-9.445002675056457520e-02,-5.548130035400390625e+00,2.346594929695129395e-01,-2.099656581878662109e+00,-1.746948480606079102e+00,-2.076784968376159668e-01,0.000000000000000000e+00
-6.761704683303833008e-01,-7.545549869537353516e+00,-3.833098411560058594e-01,-3.715741634368896484e+00,2.928606271743774414e-01,-2.748283386230468750e+00,-1.734359741210937500e+00,-2.689762115478515625e-01,0.000000000000000000e+00
-6.133404970169067383e-01,-3.571979522705078125e+00,-5.627492070198059082e-01,-2.066067218780517578e+00,5.059128999710083008e-02,-2.024530410766601562e+00,-1.732812881469726562e+00,-2.801066040992736816e-01,0.000000000000000000e+00
-3.111580908298492432e-01,3.347059488296508789e-01,-6.472097635269165039e-01,-6.873028278350830078e-01,-3.360516726970672607e-01,-4.454253911972045898e-01,-1.738865017890930176e+00,-2.086336910724639893e-01,0.000000000000000000e+00
5.385428667068481445e-02,2.893108367919921875e+00,-6.551584601402282715e-01,3.785659372806549072e-01,-7.090127468109130859e-01,6.972452402114868164e-01,-1.743877649307250977e+00,-7.665891945362091064e-02,0.000000000000000000e+00
3.231257200241088867e-01,3.550767898559570312e+00,-6.064704656600952148e-01,1.126852512359619141e+00,-9.295961856842041016e-01,8.356897234916687012e-01,-1.742841005325317383e+00,5.766524374485015869e-02,0.000000000000000000e+00
4.577614367008209229e-01,2.901769638061523438e+00,-5.203979611396789551e-01,1.580548286437988281e+00,-9.781594276428222656e-01,6.304742097854614258e-01,-1.736785173416137695e+00,1.509211659431457520e-01,0.000000000000000000e+00
4.757128655910491943e-01,1.686789751052856445e+00,-4.141357541084289551e-01,1.780980825424194336e+00,-8.898485898971557617e-01,5.716387629508972168e-01,-1.729294538497924805e+00,1.925105899572372437e-01,0.000000000000000000e+00
4.577614367008209229e-01,7.694661617279052734e-01,-3.019430041313171387e-01,1.779454112052917480e+00,-7.597044706344604492e-01,6.434739828109741211e-01,-1.722930312156677246e+00,1.961494535207748413e-01,0.000000000000000000e+00
4.308342933654785156e-01,2.116865366697311401e-01,-1.947449296712875366e-01,1.630302906036376953e+00,2.338500221337600000e+13,3.889476060867309570e-01,-1.981201022863388062e-01,-1.001188084483146667e-01,1.385559082031250000e+00
3.261176049709320068e-01,-5.732073187828063965e-01,-2.256223559379577637e-02,1.091240763664245605e+00,-3.486798405647277832e-01,6.489094495773315430e-01,-1.716321468353271484e+00,1.347565203905105591e-01,0.000000000000000000e+00
2.573038041591644287e-01,-8.184822797775268555e-01,3.605441376566886902e-02,7.851390242576599121e-01,-2.212493866682052612e-01,5.519118309020996094e-01,-1.716713547706604004e+00,1.213637739419937134e-01,0.000000000000000000e+00
1.884900033473968506e-01,-9.497779607772827148e-01,7.593841850757598877e-02,4.958814084529876709e-01,-1.125515848398208618e-01,4.388519823551177979e-01,-1.717185974121093750e+00,1.152091845870018005e-01,0.000000000000000000e+00
1.226680949330329895e-01,-9.978152513504028320e-01,9.879980981349945068e-02,2.430104017257690430e-01,-2.386828511953353882e-02,3.256013989448547363e-01,-1.717327833175659180e+00,1.141631305217742920e-01,0.000000000000000000e+00
7.479761540889739990e-02,-8.900570869445800781e-01,1.073057577013969421e-01,3.779605031013488770e-02,3.250814229249954224e-02,2.300637364387512207e-01,-1.717102646827697754e+00,1.151474863290786743e-01,0.000000000000000000e+00
5.983809381723403931e-02,-5.876746177673339844e-01,1.046017780900001526e-01,-1.154811680316925049e-01,5.230227476566735592e-24,9.318027636550140673e-29,9.059598929494016000e+15,2.339777386905600000e+13,5.983809381723403931e-02
5.983809381723403931e-02,-9.014231711626052856e-02,6.034886091947555542e-02,-2.936233878135681152e-01,5.107671022415161133e-04,1.131549477577209473e-01,-1.716424345970153809e+00,1.158902049064636230e-01,0.000000000000000000e+00
5.983809381723403931e-02,-4.825318232178688049e-02,4.219932854175567627e-02,-2.829066216945648193e-01,-1.763876527547836304e-02,1.082996279001235962e-01,-1.716502904891967773e+00,1.161959841847419739e-01,0.000000000000000000e+00
5.983809381723403931e-02,-2.582992985844612122e-02,2.541070058941841125e-02,-2.515310645103454590e-01,-3.442739322781562805e-02,1.057135909795761108e-01,-1.716623425483703613e+00,1.168514341115951538e-01,0.000000000000000000e+00
5.983809381723403931e-02,-1.382676232606172562e-02,1.101435720920562744e-02,-2.076519280672073364e-01,-4.882373660802841187e-02,1.043351441621780396e-01,-1.716752171516418457e+00,1.177664622664451599e-01,0.000000000000000000e+00
5.983809381723403931e-02,-7.401465903967618942e-03,-4.341695457696914673e-04,-1.582756191492080688e-01,-6.027226150035858154e-02,1.035988181829452515e-01,-1.716867327690124512e+00,1.187902763485908508e-01,0.000000000000000000e+00
5.983809381723403931e-02,-3.962005022913217545e-03,-8.773688226938247681e-03,-1.089852750301361084e-01,-6.861178576946258545e-02,1.032047122716903687e-01,-1.716959595680236816e+00,1.197715029120445251e-01,0.000000000000000000e+00
5.983809381723403931e-02,-2.120861317962408066e-03,-1.414491236209869385e-02,-6.385833770036697388e-02,-7.398300617933273315e-02,1.029936075210571289e-01,-1.717029333114624023e+00,1.205966398119926453e-01,0.000000000000000000e+00
5.983809381723403931e-02,-1.135297119617462158e-03,-1.689772307872772217e-02,-2.553145587444305420e-02,-7.673581689596176147e-02,1.028806716203689575e-01,-1.717082619667053223e+00,1.212048083543777466e-01,0.000000000000000000e+00
5.983809381723403931e-02,-6.077245925553143024e-04,-1.750591956079006195e-02,4.632120952010154724e-03,-7.734401524066925049e-02,1.028206050395965576e-01,-1.717127442359924316e+00,1.215843111276626587e-01,0.000000000000000000e+00
5.983809381723403931e-02,-3.253149916417896748e-04,-1.649453677237033844e-02,2.631416916847229004e-02,-7.633262872695922852e-02,1.027891859412193298e-01,-1.717171072959899902e+00,1.217591762542724609e-01,0.000000000000000000e+00
5.983809381723403931e-02,-1.741411251714453101e-04,-1.438242476433515549e-02,3.998745605349540710e-02,-7.422051578760147095e-02,1.027734503149986267e-01,-1.717218875885009766e+00,1.217730641365051270e-01,0.000000000000000000e+00
5.983809381723403931e-02,-9.321774996351450682e-05,-1.164073683321475983e-02,4.666411876678466797e-02,-7.147882878780364990e-02,1.027664616703987122e-01,-1.717273712158203125e+00,1.216753348708152771e-01,0.000000000000000000e+00
5.983809381723403931e-02,-4.989946319255977869e-05,-8.666539564728736877e-03,4.766667634248733521e-02,-6.850463151931762695e-02,1.027644574642181396e-01,-1.717336535453796387e+00,1.215115711092948914e-01,0.000000000000000000e+00
5.983809381723403931e-02,-2.671118272701278329e-05,-5.769668146967887878e-03,4.443470761179924011e-02,-6.560776382684707642e-02,1.027653962373733521e-01,-1.717407107353210449e+00,1.213186681270599365e-01,0.000000000000000000e+00
5.983809381723403931e-02,-1.429849635314894840e-05,-3.170359646901488304e-03,3.837366774678230286e-02,-6.300844997167587280e-02,1.027681007981300354e-01,-1.717484354972839355e+00,1.211234852671623230e-01,0.000000000000000000e+00
